<?xml version="1.0" encoding="UTF-8"?><report><record id="1001"><date>2013-07-29T00:00:00+02:00</date><qty>980</qty><sales>213100</sales><staffName>mkyong</staffName></record><record id="1002"><date>2013-07-30T00:00:00+02:00</date><qty>1080</qty><sales>320200</sales><staffName>staff 1</staffName></record><record id="1003"><date>2013-07-31T00:00:00+02:00</date><qty>1200</qty><sales>342197</sales><staffName>staff 2</staffName></record><record id="1004"><date>2018-08-31T00:00:00+02:00</date><qty>12800</qty><sales>341197</sales><staffName>staff 4</staffName></record></report>