{
  "version": "1.0",
  "events": [     
    {
      "id": 1,
      "title": "Soirée foot",
      "date": "30/05/2018",
      "description": "Soirée foot sur écran géant"      
    },
    {
      "id": 2,
      "title": "Rugby Top 14",
      "date": "26/05/2018",
      "description": "Ne manquez pas la demi-finale !" 
    },
    {
      "id": 3,
      "title": "Soirée karaoké",
      "date": "25/05/2018",
      "description": "Sortez les parapluies, ce soir c'est karaoké ;)"   
    },
    {
      "id": 4,
      "title": "Soirée jeux vidéos",
      "date": "28/05/2018",
      "description": "6 PCs de joueurs et une vingtaine de consoles allant de l'Atari jusqu'à la PS4 vous attendent"   
    },
    {
      "id": 5,
      "title": "Soirée jeux de rôles",
      "date": "29/05/2018",
      "description": "Donjons et Dragons, l'Appel de Cthulhu, Paranoïa : la nuit sera longue, croissants offerts au levé du soleil pour les joueurs du bout de la nuit"   
    }
  ]
}
